{"gender": {"tipo_de_dato": "categ\u00f3rico", "unique_count": 2, "value_counts": {"male": 0.5046928327645052, "female": 0.4953071672354949}}, "SeniorCitizen": {"tipo_de_dato": "num\u00e9rico", "unique_count": 2, "describe": {"count": 7032.0, "mean": 0.16240045506257111, "std": 0.3688439967571051, "min": 0.0, "25%": 0.0, "50%": 0.0, "75%": 0.0, "max": 1.0}}, "Partner": {"tipo_de_dato": "categ\u00f3rico", "unique_count": 2, "value_counts": {"no": 0.5174914675767918, "yes": 0.4825085324232082}}, "Dependents": {"tipo_de_dato": "categ\u00f3rico", "unique_count": 2, "value_counts": {"no": 0.7015073947667805, "yes": 0.2984926052332196}}, "tenure": {"tipo_de_dato": "num\u00e9rico", "unique_count": 72, "describe": {"count": 7032.0, "mean": 32.421786120591584, "std": 24.545259709263256, "min": 1.0, "25%": 9.0, "50%": 29.0, "75%": 55.0, "max": 72.0}}, "PhoneService": {"tipo_de_dato": "categ\u00f3rico", "unique_count": 2, "value_counts": {"yes": 0.9032992036405005, "no": 0.09670079635949944}}, "MultipleLines": {"tipo_de_dato": "categ\u00f3rico", "unique_count": 3, "value_counts": {"no": 0.48137087599544937, "yes": 0.42192832764505117, "no phone service": 0.09670079635949944}}, "InternetService": {"tipo_de_dato": "categ\u00f3rico", "unique_count": 3, "value_counts": {"fiber optic": 0.4402730375426621, "dsl": 0.3435722411831627, "no": 0.2161547212741752}}, "OnlineSecurity": {"tipo_de_dato": "categ\u00f3rico", "unique_count": 3, "value_counts": {"no": 0.49729806598407283, "yes": 0.286547212741752, "no internet service": 0.2161547212741752}}, "OnlineBackup": {"tipo_de_dato": "categ\u00f3rico", "unique_count": 3, "value_counts": {"no": 0.43899317406143346, "yes": 0.34485210466439137, "no internet service": 0.2161547212741752}}, "DeviceProtection": {"tipo_de_dato": "categ\u00f3rico", "unique_count": 3, "value_counts": {"no": 0.4399886234357224, "yes": 0.3438566552901024, "no internet service": 0.2161547212741752}}, "TechSupport": {"tipo_de_dato": "categ\u00f3rico", "unique_count": 3, "value_counts": {"no": 0.4937428896473265, "yes": 0.2901023890784983, "no internet service": 0.2161547212741752}}, "StreamingTV": {"tipo_de_dato": "categ\u00f3rico", "unique_count": 3, "value_counts": {"no": 0.39945961319681456, "yes": 0.3843856655290102, "no internet service": 0.2161547212741752}}, "StreamingMovies": {"tipo_de_dato": "categ\u00f3rico", "unique_count": 3, "value_counts": {"no": 0.39547781569965873, "yes": 0.3883674630261661, "no internet service": 0.2161547212741752}}, "Contract": {"tipo_de_dato": "categ\u00f3rico", "unique_count": 3, "value_counts": {"month-to-month": 0.551052332195677, "two year": 0.2396188850967008, "one year": 0.20932878270762229}}, "PaperlessBilling": {"tipo_de_dato": "categ\u00f3rico", "unique_count": 2, "value_counts": {"yes": 0.5927189988623436, "no": 0.4072810011376564}}, "PaymentMethod": {"tipo_de_dato": "categ\u00f3rico", "unique_count": 4, "value_counts": {"electronic check": 0.3363196814562002, "mailed check": 0.22810011376564276, "bank transfer (automatic)": 0.21928327645051193, "credit card (automatic)": 0.21629692832764505}}, "MonthlyCharges": {"tipo_de_dato": "num\u00e9rico", "unique_count": 1584, "describe": {"count": 7032.0, "mean": 64.79820819112628, "std": 30.085973884049842, "min": 18.25, "25%": 35.5875, "50%": 70.35, "75%": 89.8625, "max": 118.75}}, "TotalCharges": {"tipo_de_dato": "num\u00e9rico", "unique_count": 6530, "describe": {"count": 7032.0, "mean": 2283.300440841866, "std": 2266.771361883145, "min": 18.8, "25%": 401.45, "50%": 1397.475, "75%": 3794.7375, "max": 8684.8}}, "y": {"tipo_de_dato": "categ\u00f3rico", "unique_count": 2, "value_counts": {"no": 0.7342150170648464, "yes": 0.26578498293515357}}}